Model,Train_Acc,Test_Acc
random_forest,99.87425902640561,99.46120689655173
extra_trees,99.85629603017784,99.03017241379311
neural_network,99.06592419615592,98.49137931034483
